{"cameraMode":{"drawMode":0,"name":"Shaded","section":"Shading Mode"},"sceneLighting":true,"audioPlay":false,"sceneViewState":{"m_AlwaysRefresh":false,"showFog":true,"showSkybox":true,"showFlares":true,"showImageEffects":true,"showParticleSystems":true,"showVisualEffectGraphs":true,"m_FxEnabled":true},"in2DMode":false,"pivot":{"x":3.4446170330047609,"y":13.625614166259766,"z":-17.641742706298829},"rotation":{"x":0.28002017736434939,"y":0.0014355501625686885,"z":-0.0004074867465533316,"w":0.9600183963775635},"size":-7.840765476226807,"orthographic":false}